"component","origin","license","copyright"
"@apm-js-collab/code-transformer","https://github.com/nodejs/orchestrion-js","['Apache-2.0']","[]"
"@datadog/flagging-core","https://github.com/DataDog/openfeature-js-client","['Apache-2.0']","[]"
"@datadog/libdatadog","https://github.com/DataDog/libdatadog-nodejs","['Apache-2.0']","['Datadog Inc.']"
"@datadog/native-appsec","https://github.com/DataDog/dd-native-appsec-js","['Apache-2.0']","['Datadog Inc.']"
"@datadog/native-iast-taint-tracking","https://github.com/DataDog/dd-native-iast-taint-tracking-js","['Apache-2.0']","['Datadog Inc.']"
"@datadog/native-metrics","https://github.com/DataDog/dd-native-metrics-js","['Apache-2.0']","['Datadog Inc.']"
"@datadog/openfeature-node-server","https://github.com/DataDog/openfeature-js-client","['Apache-2.0']","[]"
"@datadog/pprof","https://github.com/DataDog/pprof-nodejs","['Apache-2.0']","['Google Inc.']"
"@datadog/sketches-js","https://github.com/DataDog/sketches-js","['Apache-2.0']","[]"
"@datadog/wasm-js-rewriter","https://github.com/DataDog/dd-wasm-js-rewriter","['Apache-2.0']","['Datadog Inc.']"
"@emnapi/core","https://github.com/toyobayashi/emnapi","['MIT']","['toyobayashi']"
"@emnapi/runtime","https://github.com/toyobayashi/emnapi","['MIT']","['toyobayashi']"
"@emnapi/wasi-threads","https://github.com/toyobayashi/emnapi","['MIT']","['toyobayashi']"
"@isaacs/ttlcache","https://github.com/isaacs/ttlcache","['BlueOak-1.0.0']","['Isaac Z. Schlueter']"
"@jsep-plugin/assignment","https://github.com/EricSmekens/jsep","['MIT']","['Shelly']"
"@jsep-plugin/regex","https://github.com/EricSmekens/jsep","['MIT']","['Shelly']"
"@napi-rs/wasm-runtime","https://github.com/napi-rs/napi-rs","['MIT']","['LongYinan']"
"@openfeature/core","https://github.com/open-feature/js-sdk","['Apache-2.0']","[]"
"@openfeature/server-sdk","https://github.com/open-feature/js-sdk","['Apache-2.0']","[]"
"@opentelemetry/api","https://github.com/open-telemetry/opentelemetry-js","['Apache-2.0']","['OpenTelemetry Authors']"
"@opentelemetry/api-logs","https://github.com/open-telemetry/opentelemetry-js","['Apache-2.0']","['OpenTelemetry Authors']"
"@opentelemetry/core","https://github.com/open-telemetry/opentelemetry-js","['Apache-2.0']","['OpenTelemetry Authors']"
"@opentelemetry/resources","https://github.com/open-telemetry/opentelemetry-js","['Apache-2.0']","['OpenTelemetry Authors']"
"@opentelemetry/semantic-conventions","https://github.com/open-telemetry/opentelemetry-js","['Apache-2.0']","['OpenTelemetry Authors']"
"@oxc-parser/binding-android-arm-eabi","https://github.com/oxc-project/oxc","['MIT']","['Boshen and oxc contributors']"
"@oxc-parser/binding-android-arm64","https://github.com/oxc-project/oxc","['MIT']","['Boshen and oxc contributors']"
"@oxc-parser/binding-darwin-arm64","https://github.com/oxc-project/oxc","['MIT']","['Boshen and oxc contributors']"
"@oxc-parser/binding-darwin-x64","https://github.com/oxc-project/oxc","['MIT']","['Boshen and oxc contributors']"
"@oxc-parser/binding-freebsd-x64","https://github.com/oxc-project/oxc","['MIT']","['Boshen and oxc contributors']"
"@oxc-parser/binding-linux-arm-gnueabihf","https://github.com/oxc-project/oxc","['MIT']","['Boshen and oxc contributors']"
"@oxc-parser/binding-linux-arm-musleabihf","https://github.com/oxc-project/oxc","['MIT']","['Boshen and oxc contributors']"
"@oxc-parser/binding-linux-arm64-gnu","https://github.com/oxc-project/oxc","['MIT']","['Boshen and oxc contributors']"
"@oxc-parser/binding-linux-arm64-musl","https://github.com/oxc-project/oxc","['MIT']","['Boshen and oxc contributors']"
"@oxc-parser/binding-linux-ppc64-gnu","https://github.com/oxc-project/oxc","['MIT']","['Boshen and oxc contributors']"
"@oxc-parser/binding-linux-riscv64-gnu","https://github.com/oxc-project/oxc","['MIT']","['Boshen and oxc contributors']"
"@oxc-parser/binding-linux-riscv64-musl","https://github.com/oxc-project/oxc","['MIT']","['Boshen and oxc contributors']"
"@oxc-parser/binding-linux-s390x-gnu","https://github.com/oxc-project/oxc","['MIT']","['Boshen and oxc contributors']"
"@oxc-parser/binding-linux-x64-gnu","https://github.com/oxc-project/oxc","['MIT']","['Boshen and oxc contributors']"
"@oxc-parser/binding-linux-x64-musl","https://github.com/oxc-project/oxc","['MIT']","['Boshen and oxc contributors']"
"@oxc-parser/binding-openharmony-arm64","https://github.com/oxc-project/oxc","['MIT']","['Boshen and oxc contributors']"
"@oxc-parser/binding-wasm32-wasi","https://github.com/oxc-project/oxc","['MIT']","['Boshen and oxc contributors']"
"@oxc-parser/binding-win32-arm64-msvc","https://github.com/oxc-project/oxc","['MIT']","['Boshen and oxc contributors']"
"@oxc-parser/binding-win32-ia32-msvc","https://github.com/oxc-project/oxc","['MIT']","['Boshen and oxc contributors']"
"@oxc-parser/binding-win32-x64-msvc","https://github.com/oxc-project/oxc","['MIT']","['Boshen and oxc contributors']"
"@oxc-project/types","https://github.com/oxc-project/oxc","['MIT']","['Boshen and oxc contributors']"
"@tybys/wasm-util","https://github.com/toyobayashi/wasm-util","['MIT']","['toyobayashi']"
"@types/estree","https://github.com/DefinitelyTyped/DefinitelyTyped","['MIT']","['RReverser']"
"argparse","https://github.com/nodeca/argparse","['Python-2.0']","[]"
"astring","https://github.com/davidbonnet/astring","['MIT']","['David Bonnet']"
"cjs-module-lexer","https://github.com/nodejs/cjs-module-lexer","['MIT']","['Guy Bedford']"
"crypto-randomuuid","npm:crypto-randomuuid","['MIT']","['Stephen Belanger']"
"dc-polyfill","https://github.com/DataDog/dc-polyfill","['MIT']","['Thomas Hunter II']"
"dd-trace","https://github.com/DataDog/dd-trace-js","['(Apache-2.0 OR BSD-3-Clause)']","['Datadog Inc. <info@datadoghq.com>']"
"detect-newline","https://github.com/sindresorhus/detect-newline","['MIT']","['Sindre Sorhus']"
"es-module-lexer","https://github.com/guybedford/es-module-lexer","['MIT']","['Guy Bedford']"
"escape-string-regexp","https://github.com/sindresorhus/escape-string-regexp","['MIT']","['Sindre Sorhus']"
"esquery","https://github.com/estools/esquery","['BSD-3-Clause']","['Joel Feenstra']"
"estraverse","https://github.com/estools/estraverse","['BSD-2-Clause']","[]"
"fast-fifo","https://github.com/mafintosh/fast-fifo","['MIT']","['Mathias Buus']"
"import-in-the-middle","https://github.com/nodejs/import-in-the-middle","['Apache-2.0']","['Bryan English']"
"istanbul-lib-coverage","https://github.com/istanbuljs/istanbuljs","['BSD-3-Clause']","['Krishnan Anantheswaran']"
"jest-docblock","https://github.com/jestjs/jest","['MIT']","[]"
"js-yaml","https://github.com/nodeca/js-yaml","['MIT']","['Vladimir Zapparov', 'Aleksey V Zapparov', 'Vitaly Puzrin', 'Martin Grenfell']"
"jsep","https://github.com/EricSmekens/jsep","['MIT']","['Stephen Oney']"
"jsonpath-plus","https://github.com/s3u/JSONPath","['MIT']","['Stefan Goessner', 'Prof. Gössner', 'Subbu Allamaraju', 'Mike Brevoort', 'Robert Krahn', 'Brett Zamir', 'Richard Schneider']"
"limiter","https://github.com/jhurliman/node-rate-limiter","['MIT']","['John Hurliman']"
"lodash.sortby","https://github.com/lodash/lodash","['MIT']","['John-David Dalton', 'Blaine Bublitz', 'Mathias Bynens']"
"long","https://github.com/dcodeIO/long.js","['Apache-2.0']","['Daniel Wirtz']"
"lru-cache","https://github.com/isaacs/node-lru-cache","['ISC']","['Isaac Z. Schlueter']"
"meriyah","https://github.com/meriyah/meriyah","['ISC']","['Kenny F.', 'Chunpeng Huo']"
"module-details-from-path","https://github.com/watson/module-details-from-path","['MIT']","['Thomas Watson']"
"mutexify","https://github.com/mafintosh/mutexify","['MIT']","['Mathias Buus']"
"node-addon-api","https://github.com/nodejs/node-addon-api","['MIT']","['Abhishek Kumar Singh', 'Alba Mendez', 'Alexander Floh', 'Ammar Faizi', 'András Timár, Dr', 'Andrew Petersen', 'Anisha Rohra', 'Anna Henningsen', 'Arnaud Botella', 'Arunesh Chandra', 'Azlan Mukhtar', 'Ben Berman', 'Benjamin Byholm', 'Bill Gallafent', 'blagoev', 'Bruce A. MacNaughton', 'Cory Mickelson', 'Daniel Bevenius', 'Dante Calderón', 'Darshan Sen', 'David Halls', 'Deepak Rajamohan', 'Dmitry Ashkadov', 'Dongjin Na', 'Doni Rubiagatra', 'Eric Bickle', 'extremeheat', 'Feng Yu', 'Ferdinand Holzer', 'Gabriel Schulhof', 'Guenter Sandner', 'Gus Caplan', 'Helio Frota', 'Hitesh Kanwathirtha', 'ikokostya', 'Jack Xia', 'Jake Barnes', 'Jake Yoon', 'Jason Ginchereau', 'Jenny', 'Jeroen Janssen', 'Jim Schlight', 'Jinho Bang', 'José Expósito', 'joshgarde', 'Julian Mesa', 'Kasumi Hanazuki', 'Kelvin', 'Kevin Eady', 'Kévin VOYER', 'kidneysolo', 'Koki Nishihara', 'Konstantin Tarkus', 'Kyle Farnung', 'Kyle Kovacs', 'legendecas', 'LongYinan', 'Lovell Fuller', 'Luciano Martorella', 'mastergberry', 'Mathias Küsel', 'Mathias Stearn', 'Matteo Collina', 'Michael Dawson', 'Michael Price', 'Michele Campus', 'Mikhail Cheshkov', 'nempoBu4', 'Nicola Del Gobbo', 'Nick Soggin', 'Nikolai Vavilov', 'Nurbol Alpysbayev', 'pacop', 'Peter Šándor', 'Philipp Renoth', 'rgerd', 'Richard Lau', 'Rolf Timmermans', 'Ross Weir', 'Ryuichi Okumura', 'Saint Gabriel', 'Sampson Gao', 'Sam Roberts', 'strager', 'Taylor Woll', 'Thomas Gentilhomme', 'Tim Rach', 'Tobias Nießen', 'todoroff', 'Toyo Li', 'Tux3', 'Vlad Velmisov', 'Vladimir Morozov', 'WenheLI', 'Xuguang Mei', 'Yohei Kishimoto', 'Yulong Wang', 'Ziqiu Zhao']"
"node-gyp-build","https://github.com/prebuild/node-gyp-build","['MIT']","['Mathias Buus']"
"opentracing","https://github.com/opentracing/opentracing-javascript","['Apache-2.0']","[]"
"oxc-parser","https://github.com/oxc-project/oxc","['MIT']","['Boshen and oxc contributors']"
"pprof-format","https://github.com/DataDog/pprof-format","['MIT']","['Datadog Inc.']"
"protobufjs","https://github.com/protobufjs/protobuf.js","['BSD-3-Clause']","['Daniel Wirtz']"
"queue-tick","https://github.com/mafintosh/queue-tick","['MIT']","['Mathias Buus']"
"retry","https://github.com/tim-kos/node-retry","['MIT']","['Tim Koschützki']"
"rfdc","https://github.com/davidmarkclements/rfdc","['MIT']","['David Mark Clements']"
"semifies","https://github.com/holepunchto/semifies","['Apache-2.0']","['Holepunch Inc']"
"shell-quote","https://github.com/ljharb/shell-quote","['MIT']","['James Halliday']"
"source-map","https://github.com/mozilla/source-map","['BSD-3-Clause']","['Nick Fitzgerald', 'Tobias Koppers', 'Duncan Beevers', 'Stephen Crane', 'Ryan Seddon', 'Miles Elam', 'Mihai Bazon', 'Michael Ficarra', 'Todd Wolfson', 'Alexander Solovyov', 'Felix Gnass', 'Conrad Irwin', 'usrbincc', 'David Glasser', 'Chase Douglas', 'Evan Wallace', 'Heather Arthur', 'Hugh Kennedy', 'Simon Lydell', 'Jmeas Smith', 'Michael Z Goddard', 'azu', 'John Gozde', 'Adam Kirkton', 'Chris Montgomery', 'J. Ryan Stinnett', 'Jack Herrington', 'Chris Truter', 'Daniel Espeset', 'Jamie Wong', 'Eddy Bruël', 'Hawken Rives', 'Gilad Peleg', 'djchie', 'Gary Ye', 'Nicolas Lalevée']"
"spark-md5","https://github.com/satazor/js-spark-md5","['(WTFPL OR MIT)']","['André Cruz']"
"tlhunter-sorted-set","https://github.com/tlhunter/node-sorted-set","['MIT']","['Thomas Hunter II']"
"tslib","https://github.com/Microsoft/tslib","['0BSD']","['Microsoft Corp.']"
"ttl-set","https://github.com/watson/ttl-set","['MIT']","['Thomas Watson']"
"aws-lambda-nodejs-runtime-interface-client","https://github.com/aws/aws-lambda-nodejs-runtime-interface-client/blob/v2.1.0/src/utils/UserFunction.ts","['Apache-2.0']","['Amazon.com Inc. or its affiliates']"
"is-git-url","https://github.com/jonschlinkert/is-git-url/blob/396965ffabf2f46656c8af4c47bef1d69f09292e/index.js#L9C15-L9C87","['MIT']","['Jon Schlinkert']"
